{"name":"virtual-pan-ath-client","classpathEntries":[{"kind":"binary","path":"C:\\Program Files\\Java\\jdk1.8.0_231\\jre\\lib\\resources.jar","javadocContainerUrl":"https://docs.oracle.com/javase/1/docs/api/","isSystem":true,"isOwn":false,"isTest":false,"isJavaContent":false},{"kind":"binary","path":"C:\\Program Files\\Java\\jdk1.8.0_231\\jre\\lib\\rt.jar","javadocContainerUrl":"https://docs.oracle.com/javase/1/docs/api/","isSystem":true,"isOwn":false,"isTest":false,"isJavaContent":false},{"kind":"binary","path":"C:\\Program Files\\Java\\jdk1.8.0_231\\jre\\lib\\jsse.jar","javadocContainerUrl":"https://docs.oracle.com/javase/1/docs/api/","isSystem":true,"isOwn":false,"isTest":false,"isJavaContent":false},{"kind":"binary","path":"C:\\Program Files\\Java\\jdk1.8.0_231\\jre\\lib\\jce.jar","javadocContainerUrl":"https://docs.oracle.com/javase/1/docs/api/","isSystem":true,"isOwn":false,"isTest":false,"isJavaContent":false},{"kind":"binary","path":"C:\\Program Files\\Java\\jdk1.8.0_231\\jre\\lib\\charsets.jar","javadocContainerUrl":"https://docs.oracle.com/javase/1/docs/api/","isSystem":true,"isOwn":false,"isTest":false,"isJavaContent":false},{"kind":"binary","path":"C:\\Program Files\\Java\\jdk1.8.0_231\\jre\\lib\\jfr.jar","javadocContainerUrl":"https://docs.oracle.com/javase/1/docs/api/","isSystem":true,"isOwn":false,"isTest":false,"isJavaContent":false},{"kind":"binary","path":"C:\\Users\\ETORRES\\.m2\\repository\\org\\springframework\\boot\\spring-boot-starter\\2.1.13.RELEASE\\spring-boot-starter-2.1.13.RELEASE.jar","sourceContainerUrl":"file:/C:/Users/ETORRES/.m2/repository/org/springframework/boot/spring-boot-starter/2.1.13.RELEASE/spring-boot-starter-2.1.13.RELEASE-sources.jar","isSystem":false,"isOwn":false,"isTest":false,"isJavaContent":false},{"kind":"binary","path":"C:\\Users\\ETORRES\\.m2\\repository\\org\\springframework\\boot\\spring-boot\\2.1.13.RELEASE\\spring-boot-2.1.13.RELEASE.jar","sourceContainerUrl":"file:/C:/Users/ETORRES/.m2/repository/org/springframework/boot/spring-boot/2.1.13.RELEASE/spring-boot-2.1.13.RELEASE-sources.jar","javadocContainerUrl":"file:/C:/Users/ETORRES/.m2/repository/org/springframework/boot/spring-boot/2.1.13.RELEASE/spring-boot-2.1.13.RELEASE-javadoc.jar","isSystem":false,"isOwn":false,"isTest":false,"isJavaContent":false},{"kind":"binary","path":"C:\\Users\\ETORRES\\.m2\\repository\\org\\springframework\\spring-context\\5.1.14.RELEASE\\spring-context-5.1.14.RELEASE.jar","sourceContainerUrl":"file:/C:/Users/ETORRES/.m2/repository/org/springframework/spring-context/5.1.14.RELEASE/spring-context-5.1.14.RELEASE-sources.jar","javadocContainerUrl":"file:/C:/Users/ETORRES/.m2/repository/org/springframework/spring-context/5.1.14.RELEASE/spring-context-5.1.14.RELEASE-javadoc.jar","isSystem":false,"isOwn":false,"isTest":false,"isJavaContent":false},{"kind":"binary","path":"C:\\Users\\ETORRES\\.m2\\repository\\org\\springframework\\boot\\spring-boot-autoconfigure\\2.1.13.RELEASE\\spring-boot-autoconfigure-2.1.13.RELEASE.jar","sourceContainerUrl":"file:/C:/Users/ETORRES/.m2/repository/org/springframework/boot/spring-boot-autoconfigure/2.1.13.RELEASE/spring-boot-autoconfigure-2.1.13.RELEASE-sources.jar","javadocContainerUrl":"file:/C:/Users/ETORRES/.m2/repository/org/springframework/boot/spring-boot-autoconfigure/2.1.13.RELEASE/spring-boot-autoconfigure-2.1.13.RELEASE-javadoc.jar","isSystem":false,"isOwn":false,"isTest":false,"isJavaContent":false},{"kind":"binary","path":"C:\\Users\\ETORRES\\.m2\\repository\\org\\springframework\\boot\\spring-boot-starter-logging\\2.1.13.RELEASE\\spring-boot-starter-logging-2.1.13.RELEASE.jar","sourceContainerUrl":"file:/C:/Users/ETORRES/.m2/repository/org/springframework/boot/spring-boot-starter-logging/2.1.13.RELEASE/spring-boot-starter-logging-2.1.13.RELEASE-sources.jar","isSystem":false,"isOwn":false,"isTest":false,"isJavaContent":false},{"kind":"binary","path":"C:\\Users\\ETORRES\\.m2\\repository\\ch\\qos\\logback\\logback-classic\\1.2.3\\logback-classic-1.2.3.jar","sourceContainerUrl":"file:/C:/Users/ETORRES/.m2/repository/ch/qos/logback/logback-classic/1.2.3/logback-classic-1.2.3-sources.jar","javadocContainerUrl":"file:/C:/Users/ETORRES/.m2/repository/ch/qos/logback/logback-classic/1.2.3/logback-classic-1.2.3-javadoc.jar","isSystem":false,"isOwn":false,"isTest":false,"isJavaContent":false},{"kind":"binary","path":"C:\\Users\\ETORRES\\.m2\\repository\\ch\\qos\\logback\\logback-core\\1.2.3\\logback-core-1.2.3.jar","sourceContainerUrl":"file:/C:/Users/ETORRES/.m2/repository/ch/qos/logback/logback-core/1.2.3/logback-core-1.2.3-sources.jar","javadocContainerUrl":"file:/C:/Users/ETORRES/.m2/repository/ch/qos/logback/logback-core/1.2.3/logback-core-1.2.3-javadoc.jar","isSystem":false,"isOwn":false,"isTest":false,"isJavaContent":false},{"kind":"binary","path":"C:\\Users\\ETORRES\\.m2\\repository\\org\\apache\\logging\\log4j\\log4j-to-slf4j\\2.11.2\\log4j-to-slf4j-2.11.2.jar","sourceContainerUrl":"file:/C:/Users/ETORRES/.m2/repository/org/apache/logging/log4j/log4j-to-slf4j/2.11.2/log4j-to-slf4j-2.11.2-sources.jar","javadocContainerUrl":"file:/C:/Users/ETORRES/.m2/repository/org/apache/logging/log4j/log4j-to-slf4j/2.11.2/log4j-to-slf4j-2.11.2-javadoc.jar","isSystem":false,"isOwn":false,"isTest":false,"isJavaContent":false},{"kind":"binary","path":"C:\\Users\\ETORRES\\.m2\\repository\\org\\apache\\logging\\log4j\\log4j-api\\2.11.2\\log4j-api-2.11.2.jar","sourceContainerUrl":"file:/C:/Users/ETORRES/.m2/repository/org/apache/logging/log4j/log4j-api/2.11.2/log4j-api-2.11.2-sources.jar","javadocContainerUrl":"file:/C:/Users/ETORRES/.m2/repository/org/apache/logging/log4j/log4j-api/2.11.2/log4j-api-2.11.2-javadoc.jar","isSystem":false,"isOwn":false,"isTest":false,"isJavaContent":false},{"kind":"binary","path":"C:\\Users\\ETORRES\\.m2\\repository\\org\\slf4j\\jul-to-slf4j\\1.7.30\\jul-to-slf4j-1.7.30.jar","sourceContainerUrl":"file:/C:/Users/ETORRES/.m2/repository/org/slf4j/jul-to-slf4j/1.7.30/jul-to-slf4j-1.7.30-sources.jar","javadocContainerUrl":"file:/C:/Users/ETORRES/.m2/repository/org/slf4j/jul-to-slf4j/1.7.30/jul-to-slf4j-1.7.30-javadoc.jar","isSystem":false,"isOwn":false,"isTest":false,"isJavaContent":false},{"kind":"binary","path":"C:\\Users\\ETORRES\\.m2\\repository\\javax\\annotation\\javax.annotation-api\\1.3.2\\javax.annotation-api-1.3.2.jar","sourceContainerUrl":"file:/C:/Users/ETORRES/.m2/repository/javax/annotation/javax.annotation-api/1.3.2/javax.annotation-api-1.3.2-sources.jar","javadocContainerUrl":"file:/C:/Users/ETORRES/.m2/repository/javax/annotation/javax.annotation-api/1.3.2/javax.annotation-api-1.3.2-javadoc.jar","isSystem":false,"isOwn":false,"isTest":false,"isJavaContent":false},{"kind":"binary","path":"C:\\Users\\ETORRES\\.m2\\repository\\org\\springframework\\spring-core\\5.1.14.RELEASE\\spring-core-5.1.14.RELEASE.jar","sourceContainerUrl":"file:/C:/Users/ETORRES/.m2/repository/org/springframework/spring-core/5.1.14.RELEASE/spring-core-5.1.14.RELEASE-sources.jar","javadocContainerUrl":"file:/C:/Users/ETORRES/.m2/repository/org/springframework/spring-core/5.1.14.RELEASE/spring-core-5.1.14.RELEASE-javadoc.jar","isSystem":false,"isOwn":false,"isTest":false,"isJavaContent":false},{"kind":"binary","path":"C:\\Users\\ETORRES\\.m2\\repository\\org\\springframework\\spring-jcl\\5.1.14.RELEASE\\spring-jcl-5.1.14.RELEASE.jar","sourceContainerUrl":"file:/C:/Users/ETORRES/.m2/repository/org/springframework/spring-jcl/5.1.14.RELEASE/spring-jcl-5.1.14.RELEASE-sources.jar","javadocContainerUrl":"file:/C:/Users/ETORRES/.m2/repository/org/springframework/spring-jcl/5.1.14.RELEASE/spring-jcl-5.1.14.RELEASE-javadoc.jar","isSystem":false,"isOwn":false,"isTest":false,"isJavaContent":false},{"kind":"binary","path":"C:\\Users\\ETORRES\\.m2\\repository\\org\\yaml\\snakeyaml\\1.23\\snakeyaml-1.23.jar","sourceContainerUrl":"file:/C:/Users/ETORRES/.m2/repository/org/yaml/snakeyaml/1.23/snakeyaml-1.23-sources.jar","javadocContainerUrl":"file:/C:/Users/ETORRES/.m2/repository/org/yaml/snakeyaml/1.23/snakeyaml-1.23-javadoc.jar","isSystem":false,"isOwn":false,"isTest":false,"isJavaContent":false},{"kind":"binary","path":"C:\\Users\\ETORRES\\.m2\\repository\\org\\springframework\\boot\\spring-boot-starter-test\\2.1.13.RELEASE\\spring-boot-starter-test-2.1.13.RELEASE.jar","sourceContainerUrl":"file:/C:/Users/ETORRES/.m2/repository/org/springframework/boot/spring-boot-starter-test/2.1.13.RELEASE/spring-boot-starter-test-2.1.13.RELEASE-sources.jar","isSystem":false,"isOwn":false,"isTest":false,"isJavaContent":false},{"kind":"binary","path":"C:\\Users\\ETORRES\\.m2\\repository\\org\\springframework\\boot\\spring-boot-test\\2.1.13.RELEASE\\spring-boot-test-2.1.13.RELEASE.jar","sourceContainerUrl":"file:/C:/Users/ETORRES/.m2/repository/org/springframework/boot/spring-boot-test/2.1.13.RELEASE/spring-boot-test-2.1.13.RELEASE-sources.jar","javadocContainerUrl":"file:/C:/Users/ETORRES/.m2/repository/org/springframework/boot/spring-boot-test/2.1.13.RELEASE/spring-boot-test-2.1.13.RELEASE-javadoc.jar","isSystem":false,"isOwn":false,"isTest":false,"isJavaContent":false},{"kind":"binary","path":"C:\\Users\\ETORRES\\.m2\\repository\\org\\springframework\\boot\\spring-boot-test-autoconfigure\\2.1.13.RELEASE\\spring-boot-test-autoconfigure-2.1.13.RELEASE.jar","sourceContainerUrl":"file:/C:/Users/ETORRES/.m2/repository/org/springframework/boot/spring-boot-test-autoconfigure/2.1.13.RELEASE/spring-boot-test-autoconfigure-2.1.13.RELEASE-sources.jar","javadocContainerUrl":"file:/C:/Users/ETORRES/.m2/repository/org/springframework/boot/spring-boot-test-autoconfigure/2.1.13.RELEASE/spring-boot-test-autoconfigure-2.1.13.RELEASE-javadoc.jar","isSystem":false,"isOwn":false,"isTest":false,"isJavaContent":false},{"kind":"binary","path":"C:\\Users\\ETORRES\\.m2\\repository\\com\\jayway\\jsonpath\\json-path\\2.4.0\\json-path-2.4.0.jar","sourceContainerUrl":"file:/C:/Users/ETORRES/.m2/repository/com/jayway/jsonpath/json-path/2.4.0/json-path-2.4.0-sources.jar","javadocContainerUrl":"file:/C:/Users/ETORRES/.m2/repository/com/jayway/jsonpath/json-path/2.4.0/json-path-2.4.0-javadoc.jar","isSystem":false,"isOwn":false,"isTest":false,"isJavaContent":false},{"kind":"binary","path":"C:\\Users\\ETORRES\\.m2\\repository\\net\\minidev\\json-smart\\2.3\\json-smart-2.3.jar","sourceContainerUrl":"file:/C:/Users/ETORRES/.m2/repository/net/minidev/json-smart/2.3/json-smart-2.3-sources.jar","javadocContainerUrl":"file:/C:/Users/ETORRES/.m2/repository/net/minidev/json-smart/2.3/json-smart-2.3-javadoc.jar","isSystem":false,"isOwn":false,"isTest":false,"isJavaContent":false},{"kind":"binary","path":"C:\\Users\\ETORRES\\.m2\\repository\\net\\minidev\\accessors-smart\\1.2\\accessors-smart-1.2.jar","sourceContainerUrl":"file:/C:/Users/ETORRES/.m2/repository/net/minidev/accessors-smart/1.2/accessors-smart-1.2-sources.jar","javadocContainerUrl":"file:/C:/Users/ETORRES/.m2/repository/net/minidev/accessors-smart/1.2/accessors-smart-1.2-javadoc.jar","isSystem":false,"isOwn":false,"isTest":false,"isJavaContent":false},{"kind":"binary","path":"C:\\Users\\ETORRES\\.m2\\repository\\org\\ow2\\asm\\asm\\5.0.4\\asm-5.0.4.jar","sourceContainerUrl":"file:/C:/Users/ETORRES/.m2/repository/org/ow2/asm/asm/5.0.4/asm-5.0.4-sources.jar","javadocContainerUrl":"file:/C:/Users/ETORRES/.m2/repository/org/ow2/asm/asm/5.0.4/asm-5.0.4-javadoc.jar","isSystem":false,"isOwn":false,"isTest":false,"isJavaContent":false},{"kind":"binary","path":"C:\\Users\\ETORRES\\.m2\\repository\\junit\\junit\\4.12\\junit-4.12.jar","sourceContainerUrl":"file:/C:/Users/ETORRES/.m2/repository/junit/junit/4.12/junit-4.12-sources.jar","javadocContainerUrl":"file:/C:/Users/ETORRES/.m2/repository/junit/junit/4.12/junit-4.12-javadoc.jar","isSystem":false,"isOwn":false,"isTest":false,"isJavaContent":false},{"kind":"binary","path":"C:\\Users\\ETORRES\\.m2\\repository\\org\\assertj\\assertj-core\\3.11.1\\assertj-core-3.11.1.jar","sourceContainerUrl":"file:/C:/Users/ETORRES/.m2/repository/org/assertj/assertj-core/3.11.1/assertj-core-3.11.1-sources.jar","javadocContainerUrl":"file:/C:/Users/ETORRES/.m2/repository/org/assertj/assertj-core/3.11.1/assertj-core-3.11.1-javadoc.jar","isSystem":false,"isOwn":false,"isTest":false,"isJavaContent":false},{"kind":"binary","path":"C:\\Users\\ETORRES\\.m2\\repository\\org\\mockito\\mockito-core\\2.23.4\\mockito-core-2.23.4.jar","sourceContainerUrl":"file:/C:/Users/ETORRES/.m2/repository/org/mockito/mockito-core/2.23.4/mockito-core-2.23.4-sources.jar","javadocContainerUrl":"file:/C:/Users/ETORRES/.m2/repository/org/mockito/mockito-core/2.23.4/mockito-core-2.23.4-javadoc.jar","isSystem":false,"isOwn":false,"isTest":false,"isJavaContent":false},{"kind":"binary","path":"C:\\Users\\ETORRES\\.m2\\repository\\net\\bytebuddy\\byte-buddy\\1.9.16\\byte-buddy-1.9.16.jar","sourceContainerUrl":"file:/C:/Users/ETORRES/.m2/repository/net/bytebuddy/byte-buddy/1.9.16/byte-buddy-1.9.16-sources.jar","javadocContainerUrl":"file:/C:/Users/ETORRES/.m2/repository/net/bytebuddy/byte-buddy/1.9.16/byte-buddy-1.9.16-javadoc.jar","isSystem":false,"isOwn":false,"isTest":false,"isJavaContent":false},{"kind":"binary","path":"C:\\Users\\ETORRES\\.m2\\repository\\net\\bytebuddy\\byte-buddy-agent\\1.9.16\\byte-buddy-agent-1.9.16.jar","sourceContainerUrl":"file:/C:/Users/ETORRES/.m2/repository/net/bytebuddy/byte-buddy-agent/1.9.16/byte-buddy-agent-1.9.16-sources.jar","javadocContainerUrl":"file:/C:/Users/ETORRES/.m2/repository/net/bytebuddy/byte-buddy-agent/1.9.16/byte-buddy-agent-1.9.16-javadoc.jar","isSystem":false,"isOwn":false,"isTest":false,"isJavaContent":false},{"kind":"binary","path":"C:\\Users\\ETORRES\\.m2\\repository\\org\\objenesis\\objenesis\\2.6\\objenesis-2.6.jar","sourceContainerUrl":"file:/C:/Users/ETORRES/.m2/repository/org/objenesis/objenesis/2.6/objenesis-2.6-sources.jar","javadocContainerUrl":"file:/C:/Users/ETORRES/.m2/repository/org/objenesis/objenesis/2.6/objenesis-2.6-javadoc.jar","isSystem":false,"isOwn":false,"isTest":false,"isJavaContent":false},{"kind":"binary","path":"C:\\Users\\ETORRES\\.m2\\repository\\org\\hamcrest\\hamcrest-core\\1.3\\hamcrest-core-1.3.jar","sourceContainerUrl":"file:/C:/Users/ETORRES/.m2/repository/org/hamcrest/hamcrest-core/1.3/hamcrest-core-1.3-sources.jar","javadocContainerUrl":"file:/C:/Users/ETORRES/.m2/repository/org/hamcrest/hamcrest-core/1.3/hamcrest-core-1.3-javadoc.jar","isSystem":false,"isOwn":false,"isTest":false,"isJavaContent":false},{"kind":"binary","path":"C:\\Users\\ETORRES\\.m2\\repository\\org\\hamcrest\\hamcrest-library\\1.3\\hamcrest-library-1.3.jar","sourceContainerUrl":"file:/C:/Users/ETORRES/.m2/repository/org/hamcrest/hamcrest-library/1.3/hamcrest-library-1.3-sources.jar","javadocContainerUrl":"file:/C:/Users/ETORRES/.m2/repository/org/hamcrest/hamcrest-library/1.3/hamcrest-library-1.3-javadoc.jar","isSystem":false,"isOwn":false,"isTest":false,"isJavaContent":false},{"kind":"binary","path":"C:\\Users\\ETORRES\\.m2\\repository\\org\\skyscreamer\\jsonassert\\1.5.0\\jsonassert-1.5.0.jar","sourceContainerUrl":"file:/C:/Users/ETORRES/.m2/repository/org/skyscreamer/jsonassert/1.5.0/jsonassert-1.5.0-sources.jar","javadocContainerUrl":"file:/C:/Users/ETORRES/.m2/repository/org/skyscreamer/jsonassert/1.5.0/jsonassert-1.5.0-javadoc.jar","isSystem":false,"isOwn":false,"isTest":false,"isJavaContent":false},{"kind":"binary","path":"C:\\Users\\ETORRES\\.m2\\repository\\com\\vaadin\\external\\google\\android-json\\0.0.20131108.vaadin1\\android-json-0.0.20131108.vaadin1.jar","sourceContainerUrl":"file:/C:/Users/ETORRES/.m2/repository/com/vaadin/external/google/android-json/0.0.20131108.vaadin1/android-json-0.0.20131108.vaadin1-sources.jar","javadocContainerUrl":"file:/C:/Users/ETORRES/.m2/repository/com/vaadin/external/google/android-json/0.0.20131108.vaadin1/android-json-0.0.20131108.vaadin1-javadoc.jar","isSystem":false,"isOwn":false,"isTest":false,"isJavaContent":false},{"kind":"binary","path":"C:\\Users\\ETORRES\\.m2\\repository\\org\\springframework\\spring-test\\5.1.14.RELEASE\\spring-test-5.1.14.RELEASE.jar","sourceContainerUrl":"file:/C:/Users/ETORRES/.m2/repository/org/springframework/spring-test/5.1.14.RELEASE/spring-test-5.1.14.RELEASE-sources.jar","javadocContainerUrl":"file:/C:/Users/ETORRES/.m2/repository/org/springframework/spring-test/5.1.14.RELEASE/spring-test-5.1.14.RELEASE-javadoc.jar","isSystem":false,"isOwn":false,"isTest":false,"isJavaContent":false},{"kind":"binary","path":"C:\\Users\\ETORRES\\.m2\\repository\\org\\xmlunit\\xmlunit-core\\2.6.3\\xmlunit-core-2.6.3.jar","sourceContainerUrl":"file:/C:/Users/ETORRES/.m2/repository/org/xmlunit/xmlunit-core/2.6.3/xmlunit-core-2.6.3-sources.jar","javadocContainerUrl":"file:/C:/Users/ETORRES/.m2/repository/org/xmlunit/xmlunit-core/2.6.3/xmlunit-core-2.6.3-javadoc.jar","isSystem":false,"isOwn":false,"isTest":false,"isJavaContent":false},{"kind":"binary","path":"C:\\Users\\ETORRES\\.m2\\repository\\org\\springframework\\boot\\spring-boot-starter-actuator\\2.1.13.RELEASE\\spring-boot-starter-actuator-2.1.13.RELEASE.jar","sourceContainerUrl":"file:/C:/Users/ETORRES/.m2/repository/org/springframework/boot/spring-boot-starter-actuator/2.1.13.RELEASE/spring-boot-starter-actuator-2.1.13.RELEASE-sources.jar","isSystem":false,"isOwn":false,"isTest":false,"isJavaContent":false},{"kind":"binary","path":"C:\\Users\\ETORRES\\.m2\\repository\\org\\springframework\\boot\\spring-boot-actuator-autoconfigure\\2.1.13.RELEASE\\spring-boot-actuator-autoconfigure-2.1.13.RELEASE.jar","sourceContainerUrl":"file:/C:/Users/ETORRES/.m2/repository/org/springframework/boot/spring-boot-actuator-autoconfigure/2.1.13.RELEASE/spring-boot-actuator-autoconfigure-2.1.13.RELEASE-sources.jar","javadocContainerUrl":"file:/C:/Users/ETORRES/.m2/repository/org/springframework/boot/spring-boot-actuator-autoconfigure/2.1.13.RELEASE/spring-boot-actuator-autoconfigure-2.1.13.RELEASE-javadoc.jar","isSystem":false,"isOwn":false,"isTest":false,"isJavaContent":false},{"kind":"binary","path":"C:\\Users\\ETORRES\\.m2\\repository\\org\\springframework\\boot\\spring-boot-actuator\\2.1.13.RELEASE\\spring-boot-actuator-2.1.13.RELEASE.jar","sourceContainerUrl":"file:/C:/Users/ETORRES/.m2/repository/org/springframework/boot/spring-boot-actuator/2.1.13.RELEASE/spring-boot-actuator-2.1.13.RELEASE-sources.jar","javadocContainerUrl":"file:/C:/Users/ETORRES/.m2/repository/org/springframework/boot/spring-boot-actuator/2.1.13.RELEASE/spring-boot-actuator-2.1.13.RELEASE-javadoc.jar","isSystem":false,"isOwn":false,"isTest":false,"isJavaContent":false},{"kind":"binary","path":"C:\\Users\\ETORRES\\.m2\\repository\\com\\fasterxml\\jackson\\core\\jackson-databind\\2.9.10.3\\jackson-databind-2.9.10.3.jar","sourceContainerUrl":"file:/C:/Users/ETORRES/.m2/repository/com/fasterxml/jackson/core/jackson-databind/2.9.10.3/jackson-databind-2.9.10.3-sources.jar","javadocContainerUrl":"file:/C:/Users/ETORRES/.m2/repository/com/fasterxml/jackson/core/jackson-databind/2.9.10.3/jackson-databind-2.9.10.3-javadoc.jar","isSystem":false,"isOwn":false,"isTest":false,"isJavaContent":false},{"kind":"binary","path":"C:\\Users\\ETORRES\\.m2\\repository\\com\\fasterxml\\jackson\\core\\jackson-annotations\\2.9.10\\jackson-annotations-2.9.10.jar","sourceContainerUrl":"file:/C:/Users/ETORRES/.m2/repository/com/fasterxml/jackson/core/jackson-annotations/2.9.10/jackson-annotations-2.9.10-sources.jar","javadocContainerUrl":"file:/C:/Users/ETORRES/.m2/repository/com/fasterxml/jackson/core/jackson-annotations/2.9.10/jackson-annotations-2.9.10-javadoc.jar","isSystem":false,"isOwn":false,"isTest":false,"isJavaContent":false},{"kind":"binary","path":"C:\\Users\\ETORRES\\.m2\\repository\\com\\fasterxml\\jackson\\core\\jackson-core\\2.9.10\\jackson-core-2.9.10.jar","sourceContainerUrl":"file:/C:/Users/ETORRES/.m2/repository/com/fasterxml/jackson/core/jackson-core/2.9.10/jackson-core-2.9.10-sources.jar","javadocContainerUrl":"file:/C:/Users/ETORRES/.m2/repository/com/fasterxml/jackson/core/jackson-core/2.9.10/jackson-core-2.9.10-javadoc.jar","isSystem":false,"isOwn":false,"isTest":false,"isJavaContent":false},{"kind":"binary","path":"C:\\Users\\ETORRES\\.m2\\repository\\com\\fasterxml\\jackson\\datatype\\jackson-datatype-jsr310\\2.9.10\\jackson-datatype-jsr310-2.9.10.jar","sourceContainerUrl":"file:/C:/Users/ETORRES/.m2/repository/com/fasterxml/jackson/datatype/jackson-datatype-jsr310/2.9.10/jackson-datatype-jsr310-2.9.10-sources.jar","javadocContainerUrl":"file:/C:/Users/ETORRES/.m2/repository/com/fasterxml/jackson/datatype/jackson-datatype-jsr310/2.9.10/jackson-datatype-jsr310-2.9.10-javadoc.jar","isSystem":false,"isOwn":false,"isTest":false,"isJavaContent":false},{"kind":"binary","path":"C:\\Users\\ETORRES\\.m2\\repository\\io\\micrometer\\micrometer-core\\1.1.10\\micrometer-core-1.1.10.jar","sourceContainerUrl":"file:/C:/Users/ETORRES/.m2/repository/io/micrometer/micrometer-core/1.1.10/micrometer-core-1.1.10-sources.jar","javadocContainerUrl":"file:/C:/Users/ETORRES/.m2/repository/io/micrometer/micrometer-core/1.1.10/micrometer-core-1.1.10-javadoc.jar","isSystem":false,"isOwn":false,"isTest":false,"isJavaContent":false},{"kind":"binary","path":"C:\\Users\\ETORRES\\.m2\\repository\\org\\hdrhistogram\\HdrHistogram\\2.1.9\\HdrHistogram-2.1.9.jar","sourceContainerUrl":"file:/C:/Users/ETORRES/.m2/repository/org/hdrhistogram/HdrHistogram/2.1.9/HdrHistogram-2.1.9-sources.jar","javadocContainerUrl":"file:/C:/Users/ETORRES/.m2/repository/org/hdrhistogram/HdrHistogram/2.1.9/HdrHistogram-2.1.9-javadoc.jar","isSystem":false,"isOwn":false,"isTest":false,"isJavaContent":false},{"kind":"binary","path":"C:\\Users\\ETORRES\\.m2\\repository\\org\\latencyutils\\LatencyUtils\\2.0.3\\LatencyUtils-2.0.3.jar","sourceContainerUrl":"file:/C:/Users/ETORRES/.m2/repository/org/latencyutils/LatencyUtils/2.0.3/LatencyUtils-2.0.3-sources.jar","javadocContainerUrl":"file:/C:/Users/ETORRES/.m2/repository/org/latencyutils/LatencyUtils/2.0.3/LatencyUtils-2.0.3-javadoc.jar","isSystem":false,"isOwn":false,"isTest":false,"isJavaContent":false},{"kind":"binary","path":"C:\\Users\\ETORRES\\.m2\\repository\\org\\springframework\\cloud\\spring-cloud-starter-kubernetes-config\\1.0.4.RELEASE\\spring-cloud-starter-kubernetes-config-1.0.4.RELEASE.jar","javadocContainerUrl":"file:/C:/Users/ETORRES/.m2/repository/org/springframework/cloud/spring-cloud-starter-kubernetes-config/1.0.4.RELEASE/spring-cloud-starter-kubernetes-config-1.0.4.RELEASE-javadoc.jar","isSystem":false,"isOwn":false,"isTest":false,"isJavaContent":false},{"kind":"binary","path":"C:\\Users\\ETORRES\\.m2\\repository\\org\\springframework\\cloud\\spring-cloud-kubernetes-core\\1.0.4.RELEASE\\spring-cloud-kubernetes-core-1.0.4.RELEASE.jar","sourceContainerUrl":"file:/C:/Users/ETORRES/.m2/repository/org/springframework/cloud/spring-cloud-kubernetes-core/1.0.4.RELEASE/spring-cloud-kubernetes-core-1.0.4.RELEASE-sources.jar","javadocContainerUrl":"file:/C:/Users/ETORRES/.m2/repository/org/springframework/cloud/spring-cloud-kubernetes-core/1.0.4.RELEASE/spring-cloud-kubernetes-core-1.0.4.RELEASE-javadoc.jar","isSystem":false,"isOwn":false,"isTest":false,"isJavaContent":false},{"kind":"binary","path":"C:\\Users\\ETORRES\\.m2\\repository\\io\\fabric8\\kubernetes-client\\4.1.0\\kubernetes-client-4.1.0.jar","sourceContainerUrl":"file:/C:/Users/ETORRES/.m2/repository/io/fabric8/kubernetes-client/4.1.0/kubernetes-client-4.1.0-sources.jar","javadocContainerUrl":"file:/C:/Users/ETORRES/.m2/repository/io/fabric8/kubernetes-client/4.1.0/kubernetes-client-4.1.0-javadoc.jar","isSystem":false,"isOwn":false,"isTest":false,"isJavaContent":false},{"kind":"binary","path":"C:\\Users\\ETORRES\\.m2\\repository\\io\\fabric8\\kubernetes-model\\4.1.0\\kubernetes-model-4.1.0.jar","sourceContainerUrl":"file:/C:/Users/ETORRES/.m2/repository/io/fabric8/kubernetes-model/4.1.0/kubernetes-model-4.1.0-sources.jar","javadocContainerUrl":"file:/C:/Users/ETORRES/.m2/repository/io/fabric8/kubernetes-model/4.1.0/kubernetes-model-4.1.0-javadoc.jar","isSystem":false,"isOwn":false,"isTest":false,"isJavaContent":false},{"kind":"binary","path":"C:\\Users\\ETORRES\\.m2\\repository\\com\\fasterxml\\jackson\\module\\jackson-module-jaxb-annotations\\2.9.10\\jackson-module-jaxb-annotations-2.9.10.jar","sourceContainerUrl":"file:/C:/Users/ETORRES/.m2/repository/com/fasterxml/jackson/module/jackson-module-jaxb-annotations/2.9.10/jackson-module-jaxb-annotations-2.9.10-sources.jar","javadocContainerUrl":"file:/C:/Users/ETORRES/.m2/repository/com/fasterxml/jackson/module/jackson-module-jaxb-annotations/2.9.10/jackson-module-jaxb-annotations-2.9.10-javadoc.jar","isSystem":false,"isOwn":false,"isTest":false,"isJavaContent":false},{"kind":"binary","path":"C:\\Users\\ETORRES\\.m2\\repository\\com\\squareup\\okhttp3\\okhttp\\3.9.1\\okhttp-3.9.1.jar","sourceContainerUrl":"file:/C:/Users/ETORRES/.m2/repository/com/squareup/okhttp3/okhttp/3.9.1/okhttp-3.9.1-sources.jar","javadocContainerUrl":"file:/C:/Users/ETORRES/.m2/repository/com/squareup/okhttp3/okhttp/3.9.1/okhttp-3.9.1-javadoc.jar","isSystem":false,"isOwn":false,"isTest":false,"isJavaContent":false},{"kind":"binary","path":"C:\\Users\\ETORRES\\.m2\\repository\\com\\squareup\\okio\\okio\\1.13.0\\okio-1.13.0.jar","sourceContainerUrl":"file:/C:/Users/ETORRES/.m2/repository/com/squareup/okio/okio/1.13.0/okio-1.13.0-sources.jar","javadocContainerUrl":"file:/C:/Users/ETORRES/.m2/repository/com/squareup/okio/okio/1.13.0/okio-1.13.0-javadoc.jar","isSystem":false,"isOwn":false,"isTest":false,"isJavaContent":false},{"kind":"binary","path":"C:\\Users\\ETORRES\\.m2\\repository\\com\\squareup\\okhttp3\\logging-interceptor\\3.9.1\\logging-interceptor-3.9.1.jar","sourceContainerUrl":"file:/C:/Users/ETORRES/.m2/repository/com/squareup/okhttp3/logging-interceptor/3.9.1/logging-interceptor-3.9.1-sources.jar","javadocContainerUrl":"file:/C:/Users/ETORRES/.m2/repository/com/squareup/okhttp3/logging-interceptor/3.9.1/logging-interceptor-3.9.1-javadoc.jar","isSystem":false,"isOwn":false,"isTest":false,"isJavaContent":false},{"kind":"binary","path":"C:\\Users\\ETORRES\\.m2\\repository\\com\\fasterxml\\jackson\\dataformat\\jackson-dataformat-yaml\\2.9.10\\jackson-dataformat-yaml-2.9.10.jar","sourceContainerUrl":"file:/C:/Users/ETORRES/.m2/repository/com/fasterxml/jackson/dataformat/jackson-dataformat-yaml/2.9.10/jackson-dataformat-yaml-2.9.10-sources.jar","javadocContainerUrl":"file:/C:/Users/ETORRES/.m2/repository/com/fasterxml/jackson/dataformat/jackson-dataformat-yaml/2.9.10/jackson-dataformat-yaml-2.9.10-javadoc.jar","isSystem":false,"isOwn":false,"isTest":false,"isJavaContent":false},{"kind":"binary","path":"C:\\Users\\ETORRES\\.m2\\repository\\io\\fabric8\\zjsonpatch\\0.3.0\\zjsonpatch-0.3.0.jar","sourceContainerUrl":"file:/C:/Users/ETORRES/.m2/repository/io/fabric8/zjsonpatch/0.3.0/zjsonpatch-0.3.0-sources.jar","javadocContainerUrl":"file:/C:/Users/ETORRES/.m2/repository/io/fabric8/zjsonpatch/0.3.0/zjsonpatch-0.3.0-javadoc.jar","isSystem":false,"isOwn":false,"isTest":false,"isJavaContent":false},{"kind":"binary","path":"C:\\Users\\ETORRES\\.m2\\repository\\com\\github\\mifmif\\generex\\1.0.1\\generex-1.0.1.jar","sourceContainerUrl":"file:/C:/Users/ETORRES/.m2/repository/com/github/mifmif/generex/1.0.1/generex-1.0.1-sources.jar","javadocContainerUrl":"file:/C:/Users/ETORRES/.m2/repository/com/github/mifmif/generex/1.0.1/generex-1.0.1-javadoc.jar","isSystem":false,"isOwn":false,"isTest":false,"isJavaContent":false},{"kind":"binary","path":"C:\\Users\\ETORRES\\.m2\\repository\\dk\\brics\\automaton\\automaton\\1.11-8\\automaton-1.11-8.jar","sourceContainerUrl":"file:/C:/Users/ETORRES/.m2/repository/dk/brics/automaton/automaton/1.11-8/automaton-1.11-8-sources.jar","javadocContainerUrl":"file:/C:/Users/ETORRES/.m2/repository/dk/brics/automaton/automaton/1.11-8/automaton-1.11-8-javadoc.jar","isSystem":false,"isOwn":false,"isTest":false,"isJavaContent":false},{"kind":"binary","path":"C:\\Users\\ETORRES\\.m2\\repository\\org\\springframework\\cloud\\spring-cloud-context\\2.1.4.RELEASE\\spring-cloud-context-2.1.4.RELEASE.jar","sourceContainerUrl":"file:/C:/Users/ETORRES/.m2/repository/org/springframework/cloud/spring-cloud-context/2.1.4.RELEASE/spring-cloud-context-2.1.4.RELEASE-sources.jar","javadocContainerUrl":"file:/C:/Users/ETORRES/.m2/repository/org/springframework/cloud/spring-cloud-context/2.1.4.RELEASE/spring-cloud-context-2.1.4.RELEASE-javadoc.jar","isSystem":false,"isOwn":false,"isTest":false,"isJavaContent":false},{"kind":"binary","path":"C:\\Users\\ETORRES\\.m2\\repository\\org\\springframework\\security\\spring-security-crypto\\5.1.8.RELEASE\\spring-security-crypto-5.1.8.RELEASE.jar","sourceContainerUrl":"file:/C:/Users/ETORRES/.m2/repository/org/springframework/security/spring-security-crypto/5.1.8.RELEASE/spring-security-crypto-5.1.8.RELEASE-sources.jar","javadocContainerUrl":"file:/C:/Users/ETORRES/.m2/repository/org/springframework/security/spring-security-crypto/5.1.8.RELEASE/spring-security-crypto-5.1.8.RELEASE-javadoc.jar","isSystem":false,"isOwn":false,"isTest":false,"isJavaContent":false},{"kind":"binary","path":"C:\\Users\\ETORRES\\.m2\\repository\\org\\springframework\\cloud\\spring-cloud-kubernetes-config\\1.0.4.RELEASE\\spring-cloud-kubernetes-config-1.0.4.RELEASE.jar","sourceContainerUrl":"file:/C:/Users/ETORRES/.m2/repository/org/springframework/cloud/spring-cloud-kubernetes-config/1.0.4.RELEASE/spring-cloud-kubernetes-config-1.0.4.RELEASE-sources.jar","javadocContainerUrl":"file:/C:/Users/ETORRES/.m2/repository/org/springframework/cloud/spring-cloud-kubernetes-config/1.0.4.RELEASE/spring-cloud-kubernetes-config-1.0.4.RELEASE-javadoc.jar","isSystem":false,"isOwn":false,"isTest":false,"isJavaContent":false},{"kind":"binary","path":"C:\\Users\\ETORRES\\.m2\\repository\\org\\springframework\\security\\spring-security-rsa\\1.0.7.RELEASE\\spring-security-rsa-1.0.7.RELEASE.jar","sourceContainerUrl":"file:/C:/Users/ETORRES/.m2/repository/org/springframework/security/spring-security-rsa/1.0.7.RELEASE/spring-security-rsa-1.0.7.RELEASE-sources.jar","javadocContainerUrl":"file:/C:/Users/ETORRES/.m2/repository/org/springframework/security/spring-security-rsa/1.0.7.RELEASE/spring-security-rsa-1.0.7.RELEASE-javadoc.jar","isSystem":false,"isOwn":false,"isTest":false,"isJavaContent":false},{"kind":"binary","path":"C:\\Users\\ETORRES\\.m2\\repository\\org\\bouncycastle\\bcpkix-jdk15on\\1.60\\bcpkix-jdk15on-1.60.jar","sourceContainerUrl":"file:/C:/Users/ETORRES/.m2/repository/org/bouncycastle/bcpkix-jdk15on/1.60/bcpkix-jdk15on-1.60-sources.jar","javadocContainerUrl":"file:/C:/Users/ETORRES/.m2/repository/org/bouncycastle/bcpkix-jdk15on/1.60/bcpkix-jdk15on-1.60-javadoc.jar","isSystem":false,"isOwn":false,"isTest":false,"isJavaContent":false},{"kind":"binary","path":"C:\\Users\\ETORRES\\.m2\\repository\\org\\bouncycastle\\bcprov-jdk15on\\1.60\\bcprov-jdk15on-1.60.jar","sourceContainerUrl":"file:/C:/Users/ETORRES/.m2/repository/org/bouncycastle/bcprov-jdk15on/1.60/bcprov-jdk15on-1.60-sources.jar","javadocContainerUrl":"file:/C:/Users/ETORRES/.m2/repository/org/bouncycastle/bcprov-jdk15on/1.60/bcprov-jdk15on-1.60-javadoc.jar","isSystem":false,"isOwn":false,"isTest":false,"isJavaContent":false},{"kind":"binary","path":"C:\\Users\\ETORRES\\.m2\\repository\\org\\springframework\\boot\\spring-boot-starter-web\\2.1.13.RELEASE\\spring-boot-starter-web-2.1.13.RELEASE.jar","sourceContainerUrl":"file:/C:/Users/ETORRES/.m2/repository/org/springframework/boot/spring-boot-starter-web/2.1.13.RELEASE/spring-boot-starter-web-2.1.13.RELEASE-sources.jar","isSystem":false,"isOwn":false,"isTest":false,"isJavaContent":false},{"kind":"binary","path":"C:\\Users\\ETORRES\\.m2\\repository\\org\\springframework\\boot\\spring-boot-starter-json\\2.1.13.RELEASE\\spring-boot-starter-json-2.1.13.RELEASE.jar","sourceContainerUrl":"file:/C:/Users/ETORRES/.m2/repository/org/springframework/boot/spring-boot-starter-json/2.1.13.RELEASE/spring-boot-starter-json-2.1.13.RELEASE-sources.jar","isSystem":false,"isOwn":false,"isTest":false,"isJavaContent":false},{"kind":"binary","path":"C:\\Users\\ETORRES\\.m2\\repository\\com\\fasterxml\\jackson\\datatype\\jackson-datatype-jdk8\\2.9.10\\jackson-datatype-jdk8-2.9.10.jar","sourceContainerUrl":"file:/C:/Users/ETORRES/.m2/repository/com/fasterxml/jackson/datatype/jackson-datatype-jdk8/2.9.10/jackson-datatype-jdk8-2.9.10-sources.jar","javadocContainerUrl":"file:/C:/Users/ETORRES/.m2/repository/com/fasterxml/jackson/datatype/jackson-datatype-jdk8/2.9.10/jackson-datatype-jdk8-2.9.10-javadoc.jar","isSystem":false,"isOwn":false,"isTest":false,"isJavaContent":false},{"kind":"binary","path":"C:\\Users\\ETORRES\\.m2\\repository\\com\\fasterxml\\jackson\\module\\jackson-module-parameter-names\\2.9.10\\jackson-module-parameter-names-2.9.10.jar","sourceContainerUrl":"file:/C:/Users/ETORRES/.m2/repository/com/fasterxml/jackson/module/jackson-module-parameter-names/2.9.10/jackson-module-parameter-names-2.9.10-sources.jar","javadocContainerUrl":"file:/C:/Users/ETORRES/.m2/repository/com/fasterxml/jackson/module/jackson-module-parameter-names/2.9.10/jackson-module-parameter-names-2.9.10-javadoc.jar","isSystem":false,"isOwn":false,"isTest":false,"isJavaContent":false},{"kind":"binary","path":"C:\\Users\\ETORRES\\.m2\\repository\\org\\hibernate\\validator\\hibernate-validator\\6.0.18.Final-redhat-00001\\hibernate-validator-6.0.18.Final-redhat-00001.jar","sourceContainerUrl":"file:/C:/Users/ETORRES/.m2/repository/org/hibernate/validator/hibernate-validator/6.0.18.Final-redhat-00001/hibernate-validator-6.0.18.Final-redhat-00001-sources.jar","isSystem":false,"isOwn":false,"isTest":false,"isJavaContent":false},{"kind":"binary","path":"C:\\Users\\ETORRES\\.m2\\repository\\javax\\validation\\validation-api\\2.0.1.Final\\validation-api-2.0.1.Final.jar","sourceContainerUrl":"file:/C:/Users/ETORRES/.m2/repository/javax/validation/validation-api/2.0.1.Final/validation-api-2.0.1.Final-sources.jar","javadocContainerUrl":"file:/C:/Users/ETORRES/.m2/repository/javax/validation/validation-api/2.0.1.Final/validation-api-2.0.1.Final-javadoc.jar","isSystem":false,"isOwn":false,"isTest":false,"isJavaContent":false},{"kind":"binary","path":"C:\\Users\\ETORRES\\.m2\\repository\\org\\jboss\\logging\\jboss-logging\\3.3.3.Final\\jboss-logging-3.3.3.Final.jar","sourceContainerUrl":"file:/C:/Users/ETORRES/.m2/repository/org/jboss/logging/jboss-logging/3.3.3.Final/jboss-logging-3.3.3.Final-sources.jar","javadocContainerUrl":"file:/C:/Users/ETORRES/.m2/repository/org/jboss/logging/jboss-logging/3.3.3.Final/jboss-logging-3.3.3.Final-javadoc.jar","isSystem":false,"isOwn":false,"isTest":false,"isJavaContent":false},{"kind":"binary","path":"C:\\Users\\ETORRES\\.m2\\repository\\com\\fasterxml\\classmate\\1.4.0\\classmate-1.4.0.jar","sourceContainerUrl":"file:/C:/Users/ETORRES/.m2/repository/com/fasterxml/classmate/1.4.0/classmate-1.4.0-sources.jar","javadocContainerUrl":"file:/C:/Users/ETORRES/.m2/repository/com/fasterxml/classmate/1.4.0/classmate-1.4.0-javadoc.jar","isSystem":false,"isOwn":false,"isTest":false,"isJavaContent":false},{"kind":"binary","path":"C:\\Users\\ETORRES\\.m2\\repository\\org\\springframework\\spring-web\\5.1.14.RELEASE\\spring-web-5.1.14.RELEASE.jar","sourceContainerUrl":"file:/C:/Users/ETORRES/.m2/repository/org/springframework/spring-web/5.1.14.RELEASE/spring-web-5.1.14.RELEASE-sources.jar","javadocContainerUrl":"file:/C:/Users/ETORRES/.m2/repository/org/springframework/spring-web/5.1.14.RELEASE/spring-web-5.1.14.RELEASE-javadoc.jar","isSystem":false,"isOwn":false,"isTest":false,"isJavaContent":false},{"kind":"binary","path":"C:\\Users\\ETORRES\\.m2\\repository\\org\\springframework\\spring-webmvc\\5.1.14.RELEASE\\spring-webmvc-5.1.14.RELEASE.jar","sourceContainerUrl":"file:/C:/Users/ETORRES/.m2/repository/org/springframework/spring-webmvc/5.1.14.RELEASE/spring-webmvc-5.1.14.RELEASE-sources.jar","javadocContainerUrl":"file:/C:/Users/ETORRES/.m2/repository/org/springframework/spring-webmvc/5.1.14.RELEASE/spring-webmvc-5.1.14.RELEASE-javadoc.jar","isSystem":false,"isOwn":false,"isTest":false,"isJavaContent":false},{"kind":"binary","path":"C:\\Users\\ETORRES\\.m2\\repository\\org\\springframework\\spring-expression\\5.1.14.RELEASE\\spring-expression-5.1.14.RELEASE.jar","sourceContainerUrl":"file:/C:/Users/ETORRES/.m2/repository/org/springframework/spring-expression/5.1.14.RELEASE/spring-expression-5.1.14.RELEASE-sources.jar","javadocContainerUrl":"file:/C:/Users/ETORRES/.m2/repository/org/springframework/spring-expression/5.1.14.RELEASE/spring-expression-5.1.14.RELEASE-javadoc.jar","isSystem":false,"isOwn":false,"isTest":false,"isJavaContent":false},{"kind":"binary","path":"C:\\Users\\ETORRES\\.m2\\repository\\org\\springframework\\boot\\spring-boot-starter-undertow\\2.1.13.RELEASE\\spring-boot-starter-undertow-2.1.13.RELEASE.jar","sourceContainerUrl":"file:/C:/Users/ETORRES/.m2/repository/org/springframework/boot/spring-boot-starter-undertow/2.1.13.RELEASE/spring-boot-starter-undertow-2.1.13.RELEASE-sources.jar","isSystem":false,"isOwn":false,"isTest":false,"isJavaContent":false},{"kind":"binary","path":"C:\\Users\\ETORRES\\.m2\\repository\\io\\undertow\\undertow-core\\2.0.28.SP1-redhat-00001\\undertow-core-2.0.28.SP1-redhat-00001.jar","sourceContainerUrl":"file:/C:/Users/ETORRES/.m2/repository/io/undertow/undertow-core/2.0.28.SP1-redhat-00001/undertow-core-2.0.28.SP1-redhat-00001-sources.jar","javadocContainerUrl":"file:/C:/Users/ETORRES/.m2/repository/io/undertow/undertow-core/2.0.28.SP1-redhat-00001/undertow-core-2.0.28.SP1-redhat-00001-javadoc.jar","isSystem":false,"isOwn":false,"isTest":false,"isJavaContent":false},{"kind":"binary","path":"C:\\Users\\ETORRES\\.m2\\repository\\org\\jboss\\xnio\\xnio-api\\3.3.8.Final\\xnio-api-3.3.8.Final.jar","sourceContainerUrl":"file:/C:/Users/ETORRES/.m2/repository/org/jboss/xnio/xnio-api/3.3.8.Final/xnio-api-3.3.8.Final-sources.jar","javadocContainerUrl":"file:/C:/Users/ETORRES/.m2/repository/org/jboss/xnio/xnio-api/3.3.8.Final/xnio-api-3.3.8.Final-javadoc.jar","isSystem":false,"isOwn":false,"isTest":false,"isJavaContent":false},{"kind":"binary","path":"C:\\Users\\ETORRES\\.m2\\repository\\org\\jboss\\xnio\\xnio-nio\\3.3.8.Final\\xnio-nio-3.3.8.Final.jar","sourceContainerUrl":"file:/C:/Users/ETORRES/.m2/repository/org/jboss/xnio/xnio-nio/3.3.8.Final/xnio-nio-3.3.8.Final-sources.jar","javadocContainerUrl":"file:/C:/Users/ETORRES/.m2/repository/org/jboss/xnio/xnio-nio/3.3.8.Final/xnio-nio-3.3.8.Final-javadoc.jar","isSystem":false,"isOwn":false,"isTest":false,"isJavaContent":false},{"kind":"binary","path":"C:\\Users\\ETORRES\\.m2\\repository\\io\\undertow\\undertow-servlet\\2.0.28.SP1-redhat-00001\\undertow-servlet-2.0.28.SP1-redhat-00001.jar","sourceContainerUrl":"file:/C:/Users/ETORRES/.m2/repository/io/undertow/undertow-servlet/2.0.28.SP1-redhat-00001/undertow-servlet-2.0.28.SP1-redhat-00001-sources.jar","javadocContainerUrl":"file:/C:/Users/ETORRES/.m2/repository/io/undertow/undertow-servlet/2.0.28.SP1-redhat-00001/undertow-servlet-2.0.28.SP1-redhat-00001-javadoc.jar","isSystem":false,"isOwn":false,"isTest":false,"isJavaContent":false},{"kind":"binary","path":"C:\\Users\\ETORRES\\.m2\\repository\\org\\jboss\\spec\\javax\\annotation\\jboss-annotations-api_1.2_spec\\1.0.2.Final\\jboss-annotations-api_1.2_spec-1.0.2.Final.jar","sourceContainerUrl":"file:/C:/Users/ETORRES/.m2/repository/org/jboss/spec/javax/annotation/jboss-annotations-api_1.2_spec/1.0.2.Final/jboss-annotations-api_1.2_spec-1.0.2.Final-sources.jar","javadocContainerUrl":"file:/C:/Users/ETORRES/.m2/repository/org/jboss/spec/javax/annotation/jboss-annotations-api_1.2_spec/1.0.2.Final/jboss-annotations-api_1.2_spec-1.0.2.Final-javadoc.jar","isSystem":false,"isOwn":false,"isTest":false,"isJavaContent":false},{"kind":"binary","path":"C:\\Users\\ETORRES\\.m2\\repository\\io\\undertow\\undertow-websockets-jsr\\2.0.28.SP1-redhat-00001\\undertow-websockets-jsr-2.0.28.SP1-redhat-00001.jar","sourceContainerUrl":"file:/C:/Users/ETORRES/.m2/repository/io/undertow/undertow-websockets-jsr/2.0.28.SP1-redhat-00001/undertow-websockets-jsr-2.0.28.SP1-redhat-00001-sources.jar","javadocContainerUrl":"file:/C:/Users/ETORRES/.m2/repository/io/undertow/undertow-websockets-jsr/2.0.28.SP1-redhat-00001/undertow-websockets-jsr-2.0.28.SP1-redhat-00001-javadoc.jar","isSystem":false,"isOwn":false,"isTest":false,"isJavaContent":false},{"kind":"binary","path":"C:\\Users\\ETORRES\\.m2\\repository\\org\\jboss\\spec\\javax\\websocket\\jboss-websocket-api_1.1_spec\\1.1.4.Final\\jboss-websocket-api_1.1_spec-1.1.4.Final.jar","sourceContainerUrl":"file:/C:/Users/ETORRES/.m2/repository/org/jboss/spec/javax/websocket/jboss-websocket-api_1.1_spec/1.1.4.Final/jboss-websocket-api_1.1_spec-1.1.4.Final-sources.jar","javadocContainerUrl":"file:/C:/Users/ETORRES/.m2/repository/org/jboss/spec/javax/websocket/jboss-websocket-api_1.1_spec/1.1.4.Final/jboss-websocket-api_1.1_spec-1.1.4.Final-javadoc.jar","isSystem":false,"isOwn":false,"isTest":false,"isJavaContent":false},{"kind":"binary","path":"C:\\Users\\ETORRES\\.m2\\repository\\javax\\servlet\\javax.servlet-api\\4.0.1\\javax.servlet-api-4.0.1.jar","sourceContainerUrl":"file:/C:/Users/ETORRES/.m2/repository/javax/servlet/javax.servlet-api/4.0.1/javax.servlet-api-4.0.1-sources.jar","javadocContainerUrl":"file:/C:/Users/ETORRES/.m2/repository/javax/servlet/javax.servlet-api/4.0.1/javax.servlet-api-4.0.1-javadoc.jar","isSystem":false,"isOwn":false,"isTest":false,"isJavaContent":false},{"kind":"binary","path":"C:\\Users\\ETORRES\\.m2\\repository\\org\\glassfish\\javax.el\\3.0.0\\javax.el-3.0.0.jar","sourceContainerUrl":"file:/C:/Users/ETORRES/.m2/repository/org/glassfish/javax.el/3.0.0/javax.el-3.0.0-sources.jar","javadocContainerUrl":"file:/C:/Users/ETORRES/.m2/repository/org/glassfish/javax.el/3.0.0/javax.el-3.0.0-javadoc.jar","isSystem":false,"isOwn":false,"isTest":false,"isJavaContent":false},{"kind":"binary","path":"C:\\Users\\ETORRES\\.m2\\repository\\org\\springframework\\boot\\spring-boot-starter-web-services\\2.1.13.RELEASE\\spring-boot-starter-web-services-2.1.13.RELEASE.jar","sourceContainerUrl":"file:/C:/Users/ETORRES/.m2/repository/org/springframework/boot/spring-boot-starter-web-services/2.1.13.RELEASE/spring-boot-starter-web-services-2.1.13.RELEASE-sources.jar","isSystem":false,"isOwn":false,"isTest":false,"isJavaContent":false},{"kind":"binary","path":"C:\\Users\\ETORRES\\.m2\\repository\\com\\sun\\xml\\messaging\\saaj\\saaj-impl\\1.5.0\\saaj-impl-1.5.0.jar","sourceContainerUrl":"file:/C:/Users/ETORRES/.m2/repository/com/sun/xml/messaging/saaj/saaj-impl/1.5.0/saaj-impl-1.5.0-sources.jar","javadocContainerUrl":"file:/C:/Users/ETORRES/.m2/repository/com/sun/xml/messaging/saaj/saaj-impl/1.5.0/saaj-impl-1.5.0-javadoc.jar","isSystem":false,"isOwn":false,"isTest":false,"isJavaContent":false},{"kind":"binary","path":"C:\\Users\\ETORRES\\.m2\\repository\\javax\\xml\\soap\\javax.xml.soap-api\\1.4.0\\javax.xml.soap-api-1.4.0.jar","sourceContainerUrl":"file:/C:/Users/ETORRES/.m2/repository/javax/xml/soap/javax.xml.soap-api/1.4.0/javax.xml.soap-api-1.4.0-sources.jar","javadocContainerUrl":"file:/C:/Users/ETORRES/.m2/repository/javax/xml/soap/javax.xml.soap-api/1.4.0/javax.xml.soap-api-1.4.0-javadoc.jar","isSystem":false,"isOwn":false,"isTest":false,"isJavaContent":false},{"kind":"binary","path":"C:\\Users\\ETORRES\\.m2\\repository\\org\\jvnet\\mimepull\\mimepull\\1.9.12\\mimepull-1.9.12.jar","sourceContainerUrl":"file:/C:/Users/ETORRES/.m2/repository/org/jvnet/mimepull/mimepull/1.9.12/mimepull-1.9.12-sources.jar","javadocContainerUrl":"file:/C:/Users/ETORRES/.m2/repository/org/jvnet/mimepull/mimepull/1.9.12/mimepull-1.9.12-javadoc.jar","isSystem":false,"isOwn":false,"isTest":false,"isJavaContent":false},{"kind":"binary","path":"C:\\Users\\ETORRES\\.m2\\repository\\org\\jvnet\\staxex\\stax-ex\\1.8\\stax-ex-1.8.jar","sourceContainerUrl":"file:/C:/Users/ETORRES/.m2/repository/org/jvnet/staxex/stax-ex/1.8/stax-ex-1.8-sources.jar","javadocContainerUrl":"file:/C:/Users/ETORRES/.m2/repository/org/jvnet/staxex/stax-ex/1.8/stax-ex-1.8-javadoc.jar","isSystem":false,"isOwn":false,"isTest":false,"isJavaContent":false},{"kind":"binary","path":"C:\\Users\\ETORRES\\.m2\\repository\\javax\\xml\\ws\\jaxws-api\\2.3.1\\jaxws-api-2.3.1.jar","sourceContainerUrl":"file:/C:/Users/ETORRES/.m2/repository/javax/xml/ws/jaxws-api/2.3.1/jaxws-api-2.3.1-sources.jar","javadocContainerUrl":"file:/C:/Users/ETORRES/.m2/repository/javax/xml/ws/jaxws-api/2.3.1/jaxws-api-2.3.1-javadoc.jar","isSystem":false,"isOwn":false,"isTest":false,"isJavaContent":false},{"kind":"binary","path":"C:\\Users\\ETORRES\\.m2\\repository\\javax\\xml\\bind\\jaxb-api\\2.3.1\\jaxb-api-2.3.1.jar","sourceContainerUrl":"file:/C:/Users/ETORRES/.m2/repository/javax/xml/bind/jaxb-api/2.3.1/jaxb-api-2.3.1-sources.jar","javadocContainerUrl":"file:/C:/Users/ETORRES/.m2/repository/javax/xml/bind/jaxb-api/2.3.1/jaxb-api-2.3.1-javadoc.jar","isSystem":false,"isOwn":false,"isTest":false,"isJavaContent":false},{"kind":"binary","path":"C:\\Users\\ETORRES\\.m2\\repository\\javax\\activation\\javax.activation-api\\1.2.0\\javax.activation-api-1.2.0.jar","sourceContainerUrl":"file:/C:/Users/ETORRES/.m2/repository/javax/activation/javax.activation-api/1.2.0/javax.activation-api-1.2.0-sources.jar","javadocContainerUrl":"file:/C:/Users/ETORRES/.m2/repository/javax/activation/javax.activation-api/1.2.0/javax.activation-api-1.2.0-javadoc.jar","isSystem":false,"isOwn":false,"isTest":false,"isJavaContent":false},{"kind":"binary","path":"C:\\Users\\ETORRES\\.m2\\repository\\org\\springframework\\spring-oxm\\5.1.14.RELEASE\\spring-oxm-5.1.14.RELEASE.jar","sourceContainerUrl":"file:/C:/Users/ETORRES/.m2/repository/org/springframework/spring-oxm/5.1.14.RELEASE/spring-oxm-5.1.14.RELEASE-sources.jar","javadocContainerUrl":"file:/C:/Users/ETORRES/.m2/repository/org/springframework/spring-oxm/5.1.14.RELEASE/spring-oxm-5.1.14.RELEASE-javadoc.jar","isSystem":false,"isOwn":false,"isTest":false,"isJavaContent":false},{"kind":"binary","path":"C:\\Users\\ETORRES\\.m2\\repository\\org\\springframework\\boot\\spring-boot-devtools\\2.1.13.RELEASE\\spring-boot-devtools-2.1.13.RELEASE.jar","sourceContainerUrl":"file:/C:/Users/ETORRES/.m2/repository/org/springframework/boot/spring-boot-devtools/2.1.13.RELEASE/spring-boot-devtools-2.1.13.RELEASE-sources.jar","javadocContainerUrl":"file:/C:/Users/ETORRES/.m2/repository/org/springframework/boot/spring-boot-devtools/2.1.13.RELEASE/spring-boot-devtools-2.1.13.RELEASE-javadoc.jar","isSystem":false,"isOwn":false,"isTest":false,"isJavaContent":false},{"kind":"binary","path":"C:\\Users\\ETORRES\\.m2\\repository\\org\\springframework\\ws\\spring-ws-security\\3.0.8.RELEASE\\spring-ws-security-3.0.8.RELEASE.jar","sourceContainerUrl":"file:/C:/Users/ETORRES/.m2/repository/org/springframework/ws/spring-ws-security/3.0.8.RELEASE/spring-ws-security-3.0.8.RELEASE-sources.jar","javadocContainerUrl":"file:/C:/Users/ETORRES/.m2/repository/org/springframework/ws/spring-ws-security/3.0.8.RELEASE/spring-ws-security-3.0.8.RELEASE-javadoc.jar","isSystem":false,"isOwn":false,"isTest":false,"isJavaContent":false},{"kind":"binary","path":"C:\\Users\\ETORRES\\.m2\\repository\\org\\springframework\\ws\\spring-xml\\3.0.8.RELEASE\\spring-xml-3.0.8.RELEASE.jar","sourceContainerUrl":"file:/C:/Users/ETORRES/.m2/repository/org/springframework/ws/spring-xml/3.0.8.RELEASE/spring-xml-3.0.8.RELEASE-sources.jar","javadocContainerUrl":"file:/C:/Users/ETORRES/.m2/repository/org/springframework/ws/spring-xml/3.0.8.RELEASE/spring-xml-3.0.8.RELEASE-javadoc.jar","isSystem":false,"isOwn":false,"isTest":false,"isJavaContent":false},{"kind":"binary","path":"C:\\Users\\ETORRES\\.m2\\repository\\org\\springframework\\spring-beans\\5.1.14.RELEASE\\spring-beans-5.1.14.RELEASE.jar","sourceContainerUrl":"file:/C:/Users/ETORRES/.m2/repository/org/springframework/spring-beans/5.1.14.RELEASE/spring-beans-5.1.14.RELEASE-sources.jar","javadocContainerUrl":"file:/C:/Users/ETORRES/.m2/repository/org/springframework/spring-beans/5.1.14.RELEASE/spring-beans-5.1.14.RELEASE-javadoc.jar","isSystem":false,"isOwn":false,"isTest":false,"isJavaContent":false},{"kind":"binary","path":"C:\\Users\\ETORRES\\.m2\\repository\\org\\springframework\\spring-tx\\5.1.14.RELEASE\\spring-tx-5.1.14.RELEASE.jar","sourceContainerUrl":"file:/C:/Users/ETORRES/.m2/repository/org/springframework/spring-tx/5.1.14.RELEASE/spring-tx-5.1.14.RELEASE-sources.jar","javadocContainerUrl":"file:/C:/Users/ETORRES/.m2/repository/org/springframework/spring-tx/5.1.14.RELEASE/spring-tx-5.1.14.RELEASE-javadoc.jar","isSystem":false,"isOwn":false,"isTest":false,"isJavaContent":false},{"kind":"binary","path":"C:\\Users\\ETORRES\\.m2\\repository\\org\\springframework\\security\\spring-security-core\\5.1.8.RELEASE\\spring-security-core-5.1.8.RELEASE.jar","sourceContainerUrl":"file:/C:/Users/ETORRES/.m2/repository/org/springframework/security/spring-security-core/5.1.8.RELEASE/spring-security-core-5.1.8.RELEASE-sources.jar","javadocContainerUrl":"file:/C:/Users/ETORRES/.m2/repository/org/springframework/security/spring-security-core/5.1.8.RELEASE/spring-security-core-5.1.8.RELEASE-javadoc.jar","isSystem":false,"isOwn":false,"isTest":false,"isJavaContent":false},{"kind":"binary","path":"C:\\Users\\ETORRES\\.m2\\repository\\net\\sf\\ehcache\\ehcache\\2.10.6\\ehcache-2.10.6.jar","sourceContainerUrl":"file:/C:/Users/ETORRES/.m2/repository/net/sf/ehcache/ehcache/2.10.6/ehcache-2.10.6-sources.jar","javadocContainerUrl":"file:/C:/Users/ETORRES/.m2/repository/net/sf/ehcache/ehcache/2.10.6/ehcache-2.10.6-javadoc.jar","isSystem":false,"isOwn":false,"isTest":false,"isJavaContent":false},{"kind":"binary","path":"C:\\Users\\ETORRES\\.m2\\repository\\org\\apache\\wss4j\\wss4j-ws-security-dom\\2.2.3\\wss4j-ws-security-dom-2.2.3.jar","sourceContainerUrl":"file:/C:/Users/ETORRES/.m2/repository/org/apache/wss4j/wss4j-ws-security-dom/2.2.3/wss4j-ws-security-dom-2.2.3-sources.jar","javadocContainerUrl":"file:/C:/Users/ETORRES/.m2/repository/org/apache/wss4j/wss4j-ws-security-dom/2.2.3/wss4j-ws-security-dom-2.2.3-javadoc.jar","isSystem":false,"isOwn":false,"isTest":false,"isJavaContent":false},{"kind":"binary","path":"C:\\Users\\ETORRES\\.m2\\repository\\org\\apache\\wss4j\\wss4j-ws-security-common\\2.2.3\\wss4j-ws-security-common-2.2.3.jar","sourceContainerUrl":"file:/C:/Users/ETORRES/.m2/repository/org/apache/wss4j/wss4j-ws-security-common/2.2.3/wss4j-ws-security-common-2.2.3-sources.jar","javadocContainerUrl":"file:/C:/Users/ETORRES/.m2/repository/org/apache/wss4j/wss4j-ws-security-common/2.2.3/wss4j-ws-security-common-2.2.3-javadoc.jar","isSystem":false,"isOwn":false,"isTest":false,"isJavaContent":false},{"kind":"binary","path":"C:\\Users\\ETORRES\\.m2\\repository\\org\\opensaml\\opensaml-saml-impl\\3.3.0\\opensaml-saml-impl-3.3.0.jar","sourceContainerUrl":"file:/C:/Users/ETORRES/.m2/repository/org/opensaml/opensaml-saml-impl/3.3.0/opensaml-saml-impl-3.3.0-sources.jar","javadocContainerUrl":"file:/C:/Users/ETORRES/.m2/repository/org/opensaml/opensaml-saml-impl/3.3.0/opensaml-saml-impl-3.3.0-javadoc.jar","isSystem":false,"isOwn":false,"isTest":false,"isJavaContent":false},{"kind":"binary","path":"C:\\Users\\ETORRES\\.m2\\repository\\org\\opensaml\\opensaml-profile-api\\3.3.0\\opensaml-profile-api-3.3.0.jar","sourceContainerUrl":"file:/C:/Users/ETORRES/.m2/repository/org/opensaml/opensaml-profile-api/3.3.0/opensaml-profile-api-3.3.0-sources.jar","javadocContainerUrl":"file:/C:/Users/ETORRES/.m2/repository/org/opensaml/opensaml-profile-api/3.3.0/opensaml-profile-api-3.3.0-javadoc.jar","isSystem":false,"isOwn":false,"isTest":false,"isJavaContent":false},{"kind":"binary","path":"C:\\Users\\ETORRES\\.m2\\repository\\org\\opensaml\\opensaml-core\\3.3.0\\opensaml-core-3.3.0.jar","sourceContainerUrl":"file:/C:/Users/ETORRES/.m2/repository/org/opensaml/opensaml-core/3.3.0/opensaml-core-3.3.0-sources.jar","javadocContainerUrl":"file:/C:/Users/ETORRES/.m2/repository/org/opensaml/opensaml-core/3.3.0/opensaml-core-3.3.0-javadoc.jar","isSystem":false,"isOwn":false,"isTest":false,"isJavaContent":false},{"kind":"binary","path":"C:\\Users\\ETORRES\\.m2\\repository\\io\\dropwizard\\metrics\\metrics-core\\4.0.7\\metrics-core-4.0.7.jar","sourceContainerUrl":"file:/C:/Users/ETORRES/.m2/repository/io/dropwizard/metrics/metrics-core/4.0.7/metrics-core-4.0.7-sources.jar","javadocContainerUrl":"file:/C:/Users/ETORRES/.m2/repository/io/dropwizard/metrics/metrics-core/4.0.7/metrics-core-4.0.7-javadoc.jar","isSystem":false,"isOwn":false,"isTest":false,"isJavaContent":false},{"kind":"binary","path":"C:\\Users\\ETORRES\\.m2\\repository\\org\\opensaml\\opensaml-saml-api\\3.3.0\\opensaml-saml-api-3.3.0.jar","sourceContainerUrl":"file:/C:/Users/ETORRES/.m2/repository/org/opensaml/opensaml-saml-api/3.3.0/opensaml-saml-api-3.3.0-sources.jar","javadocContainerUrl":"file:/C:/Users/ETORRES/.m2/repository/org/opensaml/opensaml-saml-api/3.3.0/opensaml-saml-api-3.3.0-javadoc.jar","isSystem":false,"isOwn":false,"isTest":false,"isJavaContent":false},{"kind":"binary","path":"C:\\Users\\ETORRES\\.m2\\repository\\org\\opensaml\\opensaml-xmlsec-api\\3.3.0\\opensaml-xmlsec-api-3.3.0.jar","sourceContainerUrl":"file:/C:/Users/ETORRES/.m2/repository/org/opensaml/opensaml-xmlsec-api/3.3.0/opensaml-xmlsec-api-3.3.0-sources.jar","javadocContainerUrl":"file:/C:/Users/ETORRES/.m2/repository/org/opensaml/opensaml-xmlsec-api/3.3.0/opensaml-xmlsec-api-3.3.0-javadoc.jar","isSystem":false,"isOwn":false,"isTest":false,"isJavaContent":false},{"kind":"binary","path":"C:\\Users\\ETORRES\\.m2\\repository\\org\\opensaml\\opensaml-soap-api\\3.3.0\\opensaml-soap-api-3.3.0.jar","sourceContainerUrl":"file:/C:/Users/ETORRES/.m2/repository/org/opensaml/opensaml-soap-api/3.3.0/opensaml-soap-api-3.3.0-sources.jar","javadocContainerUrl":"file:/C:/Users/ETORRES/.m2/repository/org/opensaml/opensaml-soap-api/3.3.0/opensaml-soap-api-3.3.0-javadoc.jar","isSystem":false,"isOwn":false,"isTest":false,"isJavaContent":false},{"kind":"binary","path":"C:\\Users\\ETORRES\\.m2\\repository\\org\\opensaml\\opensaml-security-impl\\3.3.0\\opensaml-security-impl-3.3.0.jar","sourceContainerUrl":"file:/C:/Users/ETORRES/.m2/repository/org/opensaml/opensaml-security-impl/3.3.0/opensaml-security-impl-3.3.0-sources.jar","javadocContainerUrl":"file:/C:/Users/ETORRES/.m2/repository/org/opensaml/opensaml-security-impl/3.3.0/opensaml-security-impl-3.3.0-javadoc.jar","isSystem":false,"isOwn":false,"isTest":false,"isJavaContent":false},{"kind":"binary","path":"C:\\Users\\ETORRES\\.m2\\repository\\org\\opensaml\\opensaml-security-api\\3.3.0\\opensaml-security-api-3.3.0.jar","sourceContainerUrl":"file:/C:/Users/ETORRES/.m2/repository/org/opensaml/opensaml-security-api/3.3.0/opensaml-security-api-3.3.0-sources.jar","javadocContainerUrl":"file:/C:/Users/ETORRES/.m2/repository/org/opensaml/opensaml-security-api/3.3.0/opensaml-security-api-3.3.0-javadoc.jar","isSystem":false,"isOwn":false,"isTest":false,"isJavaContent":false},{"kind":"binary","path":"C:\\Users\\ETORRES\\.m2\\repository\\org\\cryptacular\\cryptacular\\1.1.1\\cryptacular-1.1.1.jar","sourceContainerUrl":"file:/C:/Users/ETORRES/.m2/repository/org/cryptacular/cryptacular/1.1.1/cryptacular-1.1.1-sources.jar","javadocContainerUrl":"file:/C:/Users/ETORRES/.m2/repository/org/cryptacular/cryptacular/1.1.1/cryptacular-1.1.1-javadoc.jar","isSystem":false,"isOwn":false,"isTest":false,"isJavaContent":false},{"kind":"binary","path":"C:\\Users\\ETORRES\\.m2\\repository\\org\\opensaml\\opensaml-xmlsec-impl\\3.3.0\\opensaml-xmlsec-impl-3.3.0.jar","sourceContainerUrl":"file:/C:/Users/ETORRES/.m2/repository/org/opensaml/opensaml-xmlsec-impl/3.3.0/opensaml-xmlsec-impl-3.3.0-sources.jar","javadocContainerUrl":"file:/C:/Users/ETORRES/.m2/repository/org/opensaml/opensaml-xmlsec-impl/3.3.0/opensaml-xmlsec-impl-3.3.0-javadoc.jar","isSystem":false,"isOwn":false,"isTest":false,"isJavaContent":false},{"kind":"binary","path":"C:\\Users\\ETORRES\\.m2\\repository\\net\\shibboleth\\utilities\\java-support\\7.3.0\\java-support-7.3.0.jar","sourceContainerUrl":"file:/C:/Users/ETORRES/.m2/repository/net/shibboleth/utilities/java-support/7.3.0/java-support-7.3.0-sources.jar","javadocContainerUrl":"file:/C:/Users/ETORRES/.m2/repository/net/shibboleth/utilities/java-support/7.3.0/java-support-7.3.0-javadoc.jar","isSystem":false,"isOwn":false,"isTest":false,"isJavaContent":false},{"kind":"binary","path":"C:\\Users\\ETORRES\\.m2\\repository\\com\\google\\guava\\guava\\19.0\\guava-19.0.jar","sourceContainerUrl":"file:/C:/Users/ETORRES/.m2/repository/com/google/guava/guava/19.0/guava-19.0-sources.jar","javadocContainerUrl":"file:/C:/Users/ETORRES/.m2/repository/com/google/guava/guava/19.0/guava-19.0-javadoc.jar","isSystem":false,"isOwn":false,"isTest":false,"isJavaContent":false},{"kind":"binary","path":"C:\\Users\\ETORRES\\.m2\\repository\\joda-time\\joda-time\\2.10.5\\joda-time-2.10.5.jar","sourceContainerUrl":"file:/C:/Users/ETORRES/.m2/repository/joda-time/joda-time/2.10.5/joda-time-2.10.5-sources.jar","javadocContainerUrl":"file:/C:/Users/ETORRES/.m2/repository/joda-time/joda-time/2.10.5/joda-time-2.10.5-javadoc.jar","isSystem":false,"isOwn":false,"isTest":false,"isJavaContent":false},{"kind":"binary","path":"C:\\Users\\ETORRES\\.m2\\repository\\org\\opensaml\\opensaml-xacml-impl\\3.3.0\\opensaml-xacml-impl-3.3.0.jar","sourceContainerUrl":"file:/C:/Users/ETORRES/.m2/repository/org/opensaml/opensaml-xacml-impl/3.3.0/opensaml-xacml-impl-3.3.0-sources.jar","javadocContainerUrl":"file:/C:/Users/ETORRES/.m2/repository/org/opensaml/opensaml-xacml-impl/3.3.0/opensaml-xacml-impl-3.3.0-javadoc.jar","isSystem":false,"isOwn":false,"isTest":false,"isJavaContent":false},{"kind":"binary","path":"C:\\Users\\ETORRES\\.m2\\repository\\org\\opensaml\\opensaml-xacml-api\\3.3.0\\opensaml-xacml-api-3.3.0.jar","sourceContainerUrl":"file:/C:/Users/ETORRES/.m2/repository/org/opensaml/opensaml-xacml-api/3.3.0/opensaml-xacml-api-3.3.0-sources.jar","javadocContainerUrl":"file:/C:/Users/ETORRES/.m2/repository/org/opensaml/opensaml-xacml-api/3.3.0/opensaml-xacml-api-3.3.0-javadoc.jar","isSystem":false,"isOwn":false,"isTest":false,"isJavaContent":false},{"kind":"binary","path":"C:\\Users\\ETORRES\\.m2\\repository\\org\\opensaml\\opensaml-xacml-saml-impl\\3.3.0\\opensaml-xacml-saml-impl-3.3.0.jar","sourceContainerUrl":"file:/C:/Users/ETORRES/.m2/repository/org/opensaml/opensaml-xacml-saml-impl/3.3.0/opensaml-xacml-saml-impl-3.3.0-sources.jar","javadocContainerUrl":"file:/C:/Users/ETORRES/.m2/repository/org/opensaml/opensaml-xacml-saml-impl/3.3.0/opensaml-xacml-saml-impl-3.3.0-javadoc.jar","isSystem":false,"isOwn":false,"isTest":false,"isJavaContent":false},{"kind":"binary","path":"C:\\Users\\ETORRES\\.m2\\repository\\org\\opensaml\\opensaml-xacml-saml-api\\3.3.0\\opensaml-xacml-saml-api-3.3.0.jar","sourceContainerUrl":"file:/C:/Users/ETORRES/.m2/repository/org/opensaml/opensaml-xacml-saml-api/3.3.0/opensaml-xacml-saml-api-3.3.0-sources.jar","javadocContainerUrl":"file:/C:/Users/ETORRES/.m2/repository/org/opensaml/opensaml-xacml-saml-api/3.3.0/opensaml-xacml-saml-api-3.3.0-javadoc.jar","isSystem":false,"isOwn":false,"isTest":false,"isJavaContent":false},{"kind":"binary","path":"C:\\Users\\ETORRES\\.m2\\repository\\org\\jasypt\\jasypt\\1.9.2\\jasypt-1.9.2.jar","sourceContainerUrl":"file:/C:/Users/ETORRES/.m2/repository/org/jasypt/jasypt/1.9.2/jasypt-1.9.2-sources.jar","javadocContainerUrl":"file:/C:/Users/ETORRES/.m2/repository/org/jasypt/jasypt/1.9.2/jasypt-1.9.2-javadoc.jar","isSystem":false,"isOwn":false,"isTest":false,"isJavaContent":false},{"kind":"binary","path":"C:\\Users\\ETORRES\\.m2\\repository\\org\\apache\\geronimo\\javamail\\geronimo-javamail_1.4_mail\\1.8.4\\geronimo-javamail_1.4_mail-1.8.4.jar","sourceContainerUrl":"file:/C:/Users/ETORRES/.m2/repository/org/apache/geronimo/javamail/geronimo-javamail_1.4_mail/1.8.4/geronimo-javamail_1.4_mail-1.8.4-sources.jar","isSystem":false,"isOwn":false,"isTest":false,"isJavaContent":false},{"kind":"binary","path":"C:\\Users\\ETORRES\\.m2\\repository\\org\\slf4j\\slf4j-api\\1.7.30\\slf4j-api-1.7.30.jar","sourceContainerUrl":"file:/C:/Users/ETORRES/.m2/repository/org/slf4j/slf4j-api/1.7.30/slf4j-api-1.7.30-sources.jar","javadocContainerUrl":"file:/C:/Users/ETORRES/.m2/repository/org/slf4j/slf4j-api/1.7.30/slf4j-api-1.7.30-javadoc.jar","isSystem":false,"isOwn":false,"isTest":false,"isJavaContent":false},{"kind":"binary","path":"C:\\Users\\ETORRES\\.m2\\repository\\org\\apache\\santuario\\xmlsec\\2.1.4\\xmlsec-2.1.4.jar","sourceContainerUrl":"file:/C:/Users/ETORRES/.m2/repository/org/apache/santuario/xmlsec/2.1.4/xmlsec-2.1.4-sources.jar","javadocContainerUrl":"file:/C:/Users/ETORRES/.m2/repository/org/apache/santuario/xmlsec/2.1.4/xmlsec-2.1.4-javadoc.jar","isSystem":false,"isOwn":false,"isTest":false,"isJavaContent":false},{"kind":"binary","path":"C:\\Users\\ETORRES\\.m2\\repository\\com\\fasterxml\\woodstox\\woodstox-core\\5.0.3\\woodstox-core-5.0.3.jar","sourceContainerUrl":"file:/C:/Users/ETORRES/.m2/repository/com/fasterxml/woodstox/woodstox-core/5.0.3/woodstox-core-5.0.3-sources.jar","javadocContainerUrl":"file:/C:/Users/ETORRES/.m2/repository/com/fasterxml/woodstox/woodstox-core/5.0.3/woodstox-core-5.0.3-javadoc.jar","isSystem":false,"isOwn":false,"isTest":false,"isJavaContent":false},{"kind":"binary","path":"C:\\Users\\ETORRES\\.m2\\repository\\org\\codehaus\\woodstox\\stax2-api\\3.1.4\\stax2-api-3.1.4.jar","sourceContainerUrl":"file:/C:/Users/ETORRES/.m2/repository/org/codehaus/woodstox/stax2-api/3.1.4/stax2-api-3.1.4-sources.jar","javadocContainerUrl":"file:/C:/Users/ETORRES/.m2/repository/org/codehaus/woodstox/stax2-api/3.1.4/stax2-api-3.1.4-javadoc.jar","isSystem":false,"isOwn":false,"isTest":false,"isJavaContent":false},{"kind":"binary","path":"C:\\Users\\ETORRES\\.m2\\repository\\org\\springframework\\ws\\spring-ws-core\\3.0.8.RELEASE\\spring-ws-core-3.0.8.RELEASE.jar","sourceContainerUrl":"file:/C:/Users/ETORRES/.m2/repository/org/springframework/ws/spring-ws-core/3.0.8.RELEASE/spring-ws-core-3.0.8.RELEASE-sources.jar","javadocContainerUrl":"file:/C:/Users/ETORRES/.m2/repository/org/springframework/ws/spring-ws-core/3.0.8.RELEASE/spring-ws-core-3.0.8.RELEASE-javadoc.jar","isSystem":false,"isOwn":false,"isTest":false,"isJavaContent":false},{"kind":"binary","path":"C:\\Users\\ETORRES\\.m2\\repository\\org\\springframework\\spring-aop\\5.1.14.RELEASE\\spring-aop-5.1.14.RELEASE.jar","sourceContainerUrl":"file:/C:/Users/ETORRES/.m2/repository/org/springframework/spring-aop/5.1.14.RELEASE/spring-aop-5.1.14.RELEASE-sources.jar","javadocContainerUrl":"file:/C:/Users/ETORRES/.m2/repository/org/springframework/spring-aop/5.1.14.RELEASE/spring-aop-5.1.14.RELEASE-javadoc.jar","isSystem":false,"isOwn":false,"isTest":false,"isJavaContent":false},{"kind":"binary","path":"C:\\Users\\ETORRES\\.m2\\repository\\org\\springframework\\ws\\spring-ws-support\\3.0.8.RELEASE\\spring-ws-support-3.0.8.RELEASE.jar","sourceContainerUrl":"file:/C:/Users/ETORRES/.m2/repository/org/springframework/ws/spring-ws-support/3.0.8.RELEASE/spring-ws-support-3.0.8.RELEASE-sources.jar","javadocContainerUrl":"file:/C:/Users/ETORRES/.m2/repository/org/springframework/ws/spring-ws-support/3.0.8.RELEASE/spring-ws-support-3.0.8.RELEASE-javadoc.jar","isSystem":false,"isOwn":false,"isTest":false,"isJavaContent":false},{"kind":"binary","path":"C:\\Users\\ETORRES\\.m2\\repository\\org\\springframework\\spring-jms\\5.1.14.RELEASE\\spring-jms-5.1.14.RELEASE.jar","sourceContainerUrl":"file:/C:/Users/ETORRES/.m2/repository/org/springframework/spring-jms/5.1.14.RELEASE/spring-jms-5.1.14.RELEASE-sources.jar","javadocContainerUrl":"file:/C:/Users/ETORRES/.m2/repository/org/springframework/spring-jms/5.1.14.RELEASE/spring-jms-5.1.14.RELEASE-javadoc.jar","isSystem":false,"isOwn":false,"isTest":false,"isJavaContent":false},{"kind":"binary","path":"C:\\Users\\ETORRES\\.m2\\repository\\org\\springframework\\spring-messaging\\5.1.14.RELEASE\\spring-messaging-5.1.14.RELEASE.jar","sourceContainerUrl":"file:/C:/Users/ETORRES/.m2/repository/org/springframework/spring-messaging/5.1.14.RELEASE/spring-messaging-5.1.14.RELEASE-sources.jar","javadocContainerUrl":"file:/C:/Users/ETORRES/.m2/repository/org/springframework/spring-messaging/5.1.14.RELEASE/spring-messaging-5.1.14.RELEASE-javadoc.jar","isSystem":false,"isOwn":false,"isTest":false,"isJavaContent":false},{"kind":"binary","path":"C:\\Users\\ETORRES\\.m2\\repository\\com\\sun\\mail\\javax.mail\\1.6.2\\javax.mail-1.6.2.jar","sourceContainerUrl":"file:/C:/Users/ETORRES/.m2/repository/com/sun/mail/javax.mail/1.6.2/javax.mail-1.6.2-sources.jar","javadocContainerUrl":"file:/C:/Users/ETORRES/.m2/repository/com/sun/mail/javax.mail/1.6.2/javax.mail-1.6.2-javadoc.jar","isSystem":false,"isOwn":false,"isTest":false,"isJavaContent":false},{"kind":"binary","path":"C:\\Users\\ETORRES\\.m2\\repository\\javax\\activation\\activation\\1.1\\activation-1.1.jar","sourceContainerUrl":"file:/C:/Users/ETORRES/.m2/repository/javax/activation/activation/1.1/activation-1.1-sources.jar","isSystem":false,"isOwn":false,"isTest":false,"isJavaContent":false},{"kind":"binary","path":"C:\\Users\\ETORRES\\.m2\\repository\\org\\apache\\httpcomponents\\httpclient\\4.5.11\\httpclient-4.5.11.jar","sourceContainerUrl":"file:/C:/Users/ETORRES/.m2/repository/org/apache/httpcomponents/httpclient/4.5.11/httpclient-4.5.11-sources.jar","javadocContainerUrl":"file:/C:/Users/ETORRES/.m2/repository/org/apache/httpcomponents/httpclient/4.5.11/httpclient-4.5.11-javadoc.jar","isSystem":false,"isOwn":false,"isTest":false,"isJavaContent":false},{"kind":"binary","path":"C:\\Users\\ETORRES\\.m2\\repository\\org\\apache\\httpcomponents\\httpcore\\4.4.13\\httpcore-4.4.13.jar","sourceContainerUrl":"file:/C:/Users/ETORRES/.m2/repository/org/apache/httpcomponents/httpcore/4.4.13/httpcore-4.4.13-sources.jar","javadocContainerUrl":"file:/C:/Users/ETORRES/.m2/repository/org/apache/httpcomponents/httpcore/4.4.13/httpcore-4.4.13-javadoc.jar","isSystem":false,"isOwn":false,"isTest":false,"isJavaContent":false},{"kind":"binary","path":"C:\\Users\\ETORRES\\.m2\\repository\\commons-codec\\commons-codec\\1.11\\commons-codec-1.11.jar","sourceContainerUrl":"file:/C:/Users/ETORRES/.m2/repository/commons-codec/commons-codec/1.11/commons-codec-1.11-sources.jar","javadocContainerUrl":"file:/C:/Users/ETORRES/.m2/repository/commons-codec/commons-codec/1.11/commons-codec-1.11-javadoc.jar","isSystem":false,"isOwn":false,"isTest":false,"isJavaContent":false},{"kind":"source","path":"C:\\Users\\ETORRES\\Documents\\Prepago\\virtual-pan-ath-client\\src\\main\\java","outputFolder":"C:\\Users\\ETORRES\\Documents\\Prepago\\virtual-pan-ath-client\\target\\classes","javadocContainerUrl":"file:/C:/Users/ETORRES/Documents/Prepago/virtual-pan-ath-client/target/site/apidocs","isSystem":false,"isOwn":true,"isTest":false,"isJavaContent":true},{"kind":"source","path":"C:\\Users\\ETORRES\\Documents\\Prepago\\virtual-pan-ath-client\\src\\test\\java","outputFolder":"C:\\Users\\ETORRES\\Documents\\Prepago\\virtual-pan-ath-client\\target\\test-classes","javadocContainerUrl":"file:/C:/Users/ETORRES/Documents/Prepago/virtual-pan-ath-client/target/site/apidocs","isSystem":false,"isOwn":true,"isTest":true,"isJavaContent":true},{"kind":"source","path":"C:\\Users\\ETORRES\\Documents\\Prepago\\virtual-pan-ath-client\\src\\main\\resources","outputFolder":"C:\\Users\\ETORRES\\Documents\\Prepago\\virtual-pan-ath-client\\target\\classes","isSystem":false,"isOwn":true,"isTest":false,"isJavaContent":false},{"kind":"source","path":"C:\\Users\\ETORRES\\Documents\\Prepago\\virtual-pan-ath-client\\src\\test\\resources","outputFolder":"C:\\Users\\ETORRES\\Documents\\Prepago\\virtual-pan-ath-client\\target\\test-classes","isSystem":false,"isOwn":true,"isTest":true,"isJavaContent":false},{"kind":"source","path":"C:\\Users\\ETORRES\\Documents\\Prepago\\virtual-pan-ath-client\\src\\test\\java","outputFolder":"C:\\Users\\ETORRES\\Documents\\Prepago\\virtual-pan-ath-client\\target\\test-classes","javadocContainerUrl":"file:/C:/Users/ETORRES/Documents/Prepago/virtual-pan-ath-client/target/site/apidocs","isSystem":false,"isOwn":true,"isTest":false,"isJavaContent":false}]}